antecedents,consequents,antecedent support,consequent support,support,confidence,lift,representativity,leverage,conviction,zhangs_metric,jaccard,certainty,kulczynski
frozenset({'云闪付'}),frozenset({'电子产品'}),0.14279684383753086,0.9089974829953243,0.12977827641527717,0.9088315464656506,0.9998174510570403,1.0,-2.3695212714780478e-05,0.9981798909245372,-0.00021295230953321886,0.14075489939302144,-0.0018234279131560368,0.5258011614451404
frozenset({'信用卡'}),frozenset({'电子产品'}),0.142879703869379,0.9089974829953243,0.1298992425193534,0.9091511180489821,1.0001690159285717,1.0,2.1951330970576555e-05,1.0016911056070075,0.00019715711759222588,0.14089191972112552,0.0016882505969569672,0.5260274854320923
frozenset({'储蓄卡'}),frozenset({'电子产品'}),0.14287054314416892,0.9089974829953243,0.1298774539889058,0.9090569065580443,1.0000653726372533,1.0,8.489876681366804e-06,1.000653414794581,7.626428356658817e-05,0.14086635797800012,0.0006529881224810074,0.5259683947632021
frozenset({'办公'}),frozenset({'电子产品'}),0.12464047731958706,0.9089974829953243,0.11264619348488587,0.9037689513660399,0.9942480240846702,1.0,-0.0006516866779545799,0.9456668954198704,-0.006565609547136896,0.12230966393174651,-0.05745480236569561,0.5138462498310047
frozenset({'家居'}),frozenset({'电子产品'}),0.33382760959241164,0.9089974829953243,0.24282509258773596,0.7273966730439534,0.8002185777754183,1.0,-0.06062336428611201,0.3338276095924116,-0.2726033269560466,0.24282509258773596,-1.995558100245078,0.4972658640070803
frozenset({'微信支付'}),frozenset({'电子产品'}),0.14279926125112796,0.9089974829953243,0.12981619163906336,0.9090816752249686,1.000092620971146,1.0,1.2022588196297646e-05,1.0009260204678496,0.0001080404963619344,0.14080144236441777,0.0009251637472836139,0.5259470813411763
frozenset({'支付宝'}),frozenset({'电子产品'}),0.14288625633255012,0.9089974829953243,0.12987357340392097,0.9089297790940527,0.9999255180541881,1.0,-9.673956991806953e-06,0.9992565747551929,-8.689747604729801e-05,0.14085915557533324,-0.0007439783370845046,0.5259026964901007
frozenset({'服装'}),frozenset({'电子产品'}),0.45438523438685596,0.9089974829953243,0.41171203171239495,0.906085850848468,0.9967968754574964,1.0,-0.0013230026554976182,0.9689968745587171,-0.0058550519411833014,0.4326202728653265,-0.03199507269350258,0.6795078163696541
frozenset({'母婴'}),frozenset({'电子产品'}),0.12286479160829222,0.9089974829953243,0.11108295389747348,0.9041072909773805,0.9946202359088722,1.0,-0.0006008324232091994,0.949003505399036,-0.006128716597594506,0.12064014840416298,-0.053736887493920346,0.5131555494958573
frozenset({'汽车用品'}),frozenset({'电子产品'}),0.11944440583297727,0.9089974829953243,0.10796296356967251,0.9038762662576294,0.9943660825981393,1.0,-0.0006117006903758604,0.9467226611128032,-0.006393253490956681,0.11728998959898827,-0.0562755504601243,0.5113238660870146
frozenset({'玩具'}),frozenset({'电子产品'}),0.18336479734964953,0.9089974829953243,0.16581074851426875,0.9042670725836879,0.9947960137402704,1.0,-0.0008673907465104047,0.9505874254626581,-0.006365036123713417,0.17895469687115562,-0.05198109423054111,0.5433388210237059
frozenset({'现金'}),frozenset({'电子产品'}),0.14288870555422084,0.9089974829953243,0.12988950924881768,0.9090257256164277,1.0000310700762451,1.0,4.035551570913398e-06,1.000310446236529,3.624863086842625e-05,0.14087850006936048,0.00031034988957388934,0.5259594353668123
frozenset({'运动户外'}),frozenset({'电子产品'}),0.12128854251875858,0.9089974829953243,0.10962204088298068,0.9038120057055385,0.9942953887257217,1.0,-0.0006289389827422442,0.9460901817547891,-0.006486910926464333,0.11906845788792832,-0.056981690841796974,0.5122043221186019
frozenset({'银联'}),frozenset({'电子产品'}),0.14287868601102233,0.9089974829953243,0.12986323577998596,0.9089055856096528,0.9998989024861008,1.0,-1.3130177712594726e-05,0.9989911852852172,-0.00011794807634238138,0.14084752078863041,-0.00100983344962624,0.5258849134703651
frozenset({'食品'}),frozenset({'电子产品'}),0.4518360717487083,0.9089974829953243,0.4093785596216417,0.9060333718758965,0.9967391426545423,1.0,-0.00133929232442892,0.9684557041302675,-0.005932743898915191,0.4302658157456844,-0.032571748749274196,0.6781980353255501
"frozenset({'云闪付', '办公'})",frozenset({'电子产品'}),0.017779599885605443,0.9089974829953243,0.016066798735908983,0.9036648090667573,0.9941334557814232,1.0,-9.481280877032122e-05,0.9446445906536642,-0.005972102899554697,0.0176420525996284,-0.058599191583822645,0.4606700520717226
"frozenset({'家居', '云闪付'})",frozenset({'电子产品'}),0.0476662432269876,0.9089974829953243,0.03464767580473393,0.7268807747180956,0.7996510312909574,1.0,-0.008680819312440725,0.3331970384389673,-0.20828815512911858,0.037578169912597624,-2.0012271558145107,0.38249856763616097
"frozenset({'服装', '云闪付'})",frozenset({'电子产品'}),0.06487934132095559,0.9089974829953243,0.05877950703783847,0.9059818709789073,0.9966824858453073,1.0,-0.00019565092130470474,0.9679252071082957,-0.003546869275518544,0.06423306672196627,-0.03313767701900103,0.4853229870833417
"frozenset({'母婴', '云闪付'})",frozenset({'电子产品'}),0.017510376350264655,0.9089974829953243,0.01583536319205979,0.9043416814865005,0.9948780919684376,1.0,-8.152483663163498e-05,0.9513288380856622,-0.005212717160294862,0.01738864768502916,-0.05116123885435629,0.46088118564975056
"frozenset({'云闪付', '汽车用品'})",frozenset({'电子产品'}),0.017078868023181343,0.9089974829953243,0.015429587596556191,0.9034315140566362,0.9938768048946107,1.0,-9.506044892497977e-05,0.9423624706930532,-0.006228926718774003,0.016943548493574198,-0.061162802105815685,0.46020290241936623
"frozenset({'玩具', '云闪付'})",frozenset({'电子产品'}),0.0261478587488695,0.9089974829953243,0.02363651591028711,0.903956080583808,0.9944538873805195,1.0,-0.00013182187815253751,0.9475094056743965,-0.0056941774021443325,0.025931198075523746,-0.05539849421150922,0.46497946018164904
"frozenset({'运动户外', '云闪付'})",frozenset({'电子产品'}),0.017326239411927246,0.9089974829953243,0.01565039924380758,0.9032773282027934,0.9937071830235635,1.0,-9.910877140867358e-05,0.9408602483136104,-0.006403059792292291,0.017185525089767794,-0.06285710528464905,0.4602472683806057
"frozenset({'食品', '云闪付'})",frozenset({'电子产品'}),0.06452286823960347,0.9089974829953243,0.058453537899113,0.9059352055157837,0.9966311485600049,1.0,-0.00019758692632550895,0.9674450202508599,-0.0036003753800096633,0.06387898353129487,-0.03365047012252803,0.48512035289890276
"frozenset({'信用卡', '办公'})",frozenset({'电子产品'}),0.01782429022907825,0.9089974829953243,0.016114987967482862,0.904102646465728,0.994615126420959,1.0,-8.724698692742089e-05,0.9489575431521475,-0.005482061253137009,0.017695034481308557,-0.0537879246718509,0.4609154775726433
"frozenset({'家居', '信用卡'})",frozenset({'电子产品'}),0.04766662492387135,0.9089974829953243,0.034686163573845734,0.7276823905456535,0.8005328993297075,1.0,-0.008642678504835521,0.33417786380770964,-0.20738047011634816,0.03762146783074581,-1.992418434320393,0.382920545998611
"frozenset({'服装', '信用卡'})",frozenset({'电子产品'}),0.06491127662689629,0.9089974829953243,0.058820603068989265,0.9061692532575562,0.9968886275367357,1.0,-0.00018358400287268872,0.9698581772397975,-0.0033266368499850277,0.06427861911200206,-0.031078588052931354,0.4854392833629001
"frozenset({'信用卡', '母婴'})",frozenset({'电子产品'}),0.017592504796418947,0.9089974829953243,0.015900887823770804,0.903844450109658,0.9943310812383263,1.0,-9.065475575718851e-05,0.9464094075532509,-0.005769849435688911,0.01746028125770915,-0.05662516878957992,0.4606686122127858
"frozenset({'信用卡', '汽车用品'})",frozenset({'电子产品'}),0.017079186103917805,0.9089974829953243,0.015447018420914267,0.9044352773561538,0.9949810580067425,1.0,-7.791875915573801e-05,0.9522605673625705,-0.0051057056316830855,0.016963008407872272,-0.05013274126182831,0.460714372007862
"frozenset({'玩具', '信用卡'})",frozenset({'电子产品'}),0.026211029583130704,0.9089974829953243,0.023703853602195953,0.904346528129198,0.9948834238233526,1.0,-0.00012190631558584367,0.9513770407371275,-0.005253573178104311,0.0260051919304708,-0.05110798051758677,0.46521172349139917
"frozenset({'运动户外', '信用卡'})",frozenset({'电子产品'}),0.017325603250454322,0.9089974829953243,0.015664871917316567,0.9041458292025586,0.9946626323135916,1.0,-8.405782872202353e-05,0.9493850528109179,-0.0054309601290736045,0.017201702758337455,-0.053313402227286505,0.4606894796690382
"frozenset({'信用卡', '食品'})",frozenset({'电子产品'}),0.06455973379695933,0.9089974829953243,0.058501472666097704,0.906160376219721,0.9968788617915041,1.0,-0.0001831628581864947,0.9697664306258699,-0.0033358260840106657,0.06393214079210278,-0.03117613522115623,0.4852593050823982
"frozenset({'储蓄卡', '办公'})",frozenset({'电子产品'}),0.017822254512364896,0.9089974829953243,0.01611743718915361,0.9043433409601181,0.9948799175770323,1.0,-8.294730388814023e-05,0.9513453419561124,-0.005212505371876685,0.017697811000934364,-0.05114300338491816,0.46103717203020833
"frozenset({'家居', '储蓄卡'})",frozenset({'电子产品'}),0.04770546258179327,0.9089974829953243,0.03471237342653014,0.7276393844208959,0.8004855877303224,1.0,-0.008651771985447566,0.33412509665240125,-0.20743587714066855,0.037649380020841054,-1.9928910160266264,0.3829134598368148
"frozenset({'服装', '储蓄卡'})",frozenset({'电子产品'}),0.06498879290237189,0.9089974829953243,0.05888332859021942,0.906053581864118,0.9967613759264705,1.0,-0.00019132058094102622,0.9686640407413047,-0.003462948024040861,0.06434612495072041,-0.03234966710926352,0.4854159502486433
"frozenset({'母婴', '储蓄卡'})",frozenset({'电子产品'}),0.017523862973490612,0.9089974829953243,0.015847641108487194,0.9043463266324817,0.994883202154184,1.0,-8.150622677073269e-05,0.9513750366389792,-0.0052075879597277075,0.01740210684014181,-0.05111019470597347,0.4608902617708296
"frozenset({'储蓄卡', '汽车用品'})",frozenset({'电子产品'}),0.017063568339757557,0.9089974829953243,0.015420395063272462,0.9037028337937643,0.9941752872800999,1.0,-9.034560848586275e-05,0.9450176011387422,-0.005925229365284107,0.01693356754617571,-0.05818134899816069,0.4603335058749832
"frozenset({'玩具', '储蓄卡'})",frozenset({'电子产品'}),0.026230750588791298,0.9089974829953243,0.02371520908448762,0.9040995225893917,0.9946116898038123,1.0,-0.0001284771778017925,0.9489266316687721,-0.005532653878062275,0.026017411103375077,-0.053822252033764575,0.4650944668786659
"frozenset({'运动户外', '储蓄卡'})",frozenset({'电子产品'}),0.017290232672559833,0.9089974829953243,0.015624157583049528,0.9036406784649913,0.9941069093913425,1.0,-9.262039671088101e-05,0.9444080298096864,-0.0059961545503510365,0.017156893393107567,-0.05886435569752228,0.46041450911488346
"frozenset({'食品', '储蓄卡'})",frozenset({'电子产品'}),0.06457665569213906,0.9089974829953243,0.05851285995646302,0.9060992603180875,0.9968116273901149,1.0,-0.00018715752794707524,0.9691352518941329,-0.0034077308380735384,0.06394419840123514,-0.03184771996018439,0.4852350107849899
"frozenset({'家居', '办公'})",frozenset({'电子产品'}),0.039100297186012885,0.9089974829953243,0.02710601335131168,0.6932431541980236,0.762645845743876,1.0,-0.008436058375143198,0.2966601014779679,-0.24464952460011083,0.02943133079746005,-2.3708611135032167,0.36153141670714367
"frozenset({'微信支付', '办公'})",frozenset({'电子产品'}),0.01775552117385533,0.9089974829953243,0.016042147478833237,0.9035019204310937,0.9939542598664611,1.0,-9.757657747144419e-05,0.9430500317852807,-0.006154353242149555,0.017614973359527848,-0.06038912708258732,0.4605750481689982
"frozenset({'办公', '支付宝'})",frozenset({'电子产品'}),0.01781223496916637,0.9089974829953243,0.01609545781026414,0.9036180938622227,0.9940820637749452,1.0,-9.581894322938794e-05,0.944186732254373,-0.006024612982579807,0.017673444366115915,-0.059112531281143174,0.46066245858040794
"frozenset({'服装', '办公'})",frozenset({'电子产品'}),0.05229355454873107,0.9089974829953243,0.046787004455261454,0.8946992580445416,0.9842703360369413,1.0,-0.0007477050064137805,0.8642153446855031,-0.016583218722872765,0.05116106956601979,-0.1571190052913379,0.47308512627639365
"frozenset({'母婴', '办公'})",frozenset({'电子产品'}),0.0135078074030047,0.9089974829953243,0.01206314831414506,0.8930500675825237,0.9824560400758748,1.0,-0.000215414615971821,0.8508889622243956,-0.017779914087545038,0.013249769267633089,-0.17524147614489916,0.45316044727689364
"frozenset({'办公', '汽车用品'})",frozenset({'电子产品'}),0.013090103779883804,0.9089974829953243,0.011677952542290504,0.8921206996262764,0.981433630252269,1.0,-0.0002209188457714551,0.8435586501712364,-0.018807997370264888,0.012827140776173768,-0.18545402835595026,0.45248388384967336
"frozenset({'玩具', '办公'})",frozenset({'电子产品'}),0.020269026961445658,0.9089974829953243,0.01808715214968981,0.8923542399984934,0.981690551065127,1.0,-0.0003373423410286576,0.8453887733562565,-0.018681165119090588,0.019850265477062444,-0.18288772162176387,0.45612607612291445
"frozenset({'办公', '现金'})",frozenset({'电子产品'}),0.017816974372139638,0.9089974829953243,0.01609727087046197,0.9034794872710394,0.9939295808541713,1.0,-9.831398840515898e-05,0.9428308494404707,-0.006179857109848242,0.01767537838215043,-0.060635638506585446,0.46059415257041486
"frozenset({'运动户外', '办公'})",frozenset({'电子产品'}),0.013270932678562017,0.9089974829953243,0.011840841687432303,0.8922388481828489,0.9815636070220431,1.0,-0.0002224027143809676,0.8444835218455029,-0.018679719951740423,0.013005803015812962,-0.184155728479624,0.4526325563656825
"frozenset({'银联', '办公'})",frozenset({'电子产品'}),0.01782960217737715,0.9089974829953243,0.016112093432781062,0.9036709441125206,0.9941402050253739,1.0,-9.49700692627238e-05,0.9447047535789657,-0.005965534821231118,0.01769169672061609,-0.05853177536320333,0.46069803423832956
"frozenset({'食品', '办公'})",frozenset({'电子产品'}),0.051943220425592664,0.9089974829953243,0.04647445832361464,0.8947165374582061,0.9842893453455341,1.0,-0.0007417983019204141,0.8643571821030375,-0.01655717601574028,0.05082140382193068,-0.15692912687661686,0.4729218479430258
"frozenset({'家居', '微信支付'})",frozenset({'电子产品'}),0.04769156245360991,0.9089974829953243,0.03470849284154531,0.7277700929867129,0.8006293819302648,1.0,-0.008643017388900415,0.33428552359691316,-0.2072854537224989,0.037645580205990944,-1.9914546978881922,0.38297667957861764
"frozenset({'家居', '支付宝'})",frozenset({'电子产品'}),0.0476842465966713,0.9089974829953243,0.034671563668042166,0.7271072973283065,0.7999002317722002,1.0,-0.008673296466860408,0.33347361843587736,-0.20803476329166426,0.037604318205426215,-1.9987379652111432,0.3826249686164333
"frozenset({'服装', '家居'})",frozenset({'电子产品'}),0.14593057525314693,0.9089974829953243,0.10325737257868593,0.7075787400931199,0.7784166109696032,1.0,-0.0293931530184844,0.31120349127028213,-0.24997978913827842,0.10850115920720355,-2.213331559739778,0.4105867619592596
"frozenset({'家居', '母婴'})",frozenset({'电子产品'}),0.0384741234482153,0.9089974829953243,0.026692285737396553,0.6937724201390411,0.7632280981163175,1.0,-0.008280595637482544,0.2971728315457245,-0.24393493716819376,0.028988798007459935,-2.365045165126863,0.36156847610255743
"frozenset({'家居', '汽车用品'})",frozenset({'电子产品'}),0.037431931915200056,0.9089974829953243,0.025950489651895305,0.6932714483100868,0.7626769724659984,1.0,-0.008075042242673896,0.2966874668279154,-0.24429734352918936,0.028192377837009074,-2.3705501977945693,0.3609099604083625
"frozenset({'玩具', '家居'})",frozenset({'电子产品'}),0.05770833834973162,0.9089974829953243,0.040154289514350835,0.6958143426518809,0.7654744437344718,1.0,-0.012302444793397753,0.2991676787065923,-0.24536434415666727,0.04333735160419294,-2.342607076818438,0.3699943004244912
"frozenset({'家居', '现金'})",frozenset({'电子产品'}),0.04772006248759684,0.9089974829953243,0.03472086618219366,0.7275947342109649,0.8004364674513708,1.0,-0.008656550507411466,0.3340703298854463,-0.20748896321349605,0.03765834190262713,-1.993381664103193,0.38289580622754776
"frozenset({'家居', '运动户外'})",frozenset({'电子产品'}),0.03801961788388584,0.9089974829953243,0.026353116248107936,0.6931452159406734,0.762538102588166,1.0,-0.008206620712788309,0.29656541703805217,-0.2445517981949231,0.028624032967540573,-2.3719373283220357,0.3610683116114894
"frozenset({'家居', '银联'})",frozenset({'电子产品'}),0.04769340732188139,0.9089974829953243,0.034677957090845035,0.7271016905293541,0.7998940636594636,1.0,-0.00867523012021592,0.3334667670942985,-0.2080426972939897,0.03761113954171763,-1.9987995766823077,0.38262568196090996
"frozenset({'家居', '食品'})",frozenset({'电子产品'}),0.14514434328876205,0.9089974829953243,0.10268683116169541,0.7074807659393368,0.7783088283237589,1.0,-0.029249011558798582,0.3110992591543686,-0.24992441386916925,0.10792610442755227,-2.214408169013981,0.41022394485111735
"frozenset({'服装', '微信支付'})",frozenset({'电子产品'}),0.06486734967719099,0.9089974829953243,0.058780556704268794,0.9061655362333623,0.9968845383898861,1.0,-0.0001837008808753815,0.96981975866559,-0.003330852014809917,0.06423512920935436,-0.03111943334288847,0.48541539708644205
"frozenset({'微信支付', '母婴'})",frozenset({'电子产品'}),0.01756817162007966,0.9089974829953243,0.015875027859896505,0.9036243613280754,0.9940889586959654,1.0,-9.439592358579871e-05,0.9442481342661736,-0.006016108582147601,0.017431855993131313,-0.05904365993495362,0.46054434338003625
"frozenset({'微信支付', '汽车用品'})",frozenset({'电子产品'}),0.017061596239191498,0.9089974829953243,0.015415305771489082,0.9035090008799535,0.9939620491607025,1.0,-9.364226581848149e-05,0.943119232203798,-0.006142112337583085,0.016927920906840706,-0.060311322104298515,0.4602337900199064
"frozenset({'玩具', '微信支付'})",frozenset({'电子产品'}),0.026192867173078765,0.9089974829953243,0.02368559576792308,0.9042765578663844,0.994806448623616,1.0,-0.00012365456483637294,0.9506816196355512,-0.0053324994242704635,0.025985158775723226,-0.0518768632377212,0.4651666955190525
"frozenset({'微信支付', '运动户外'})",frozenset({'电子产品'}),0.017328847673966228,0.9089974829953243,0.01566515818997938,0.9039930689398195,0.9944945787539319,1.0,-8.672072886529991e-05,0.9478744503105933,-0.005601962356612748,0.017201961238042428,-0.05499204000311076,0.4606132570038158
"frozenset({'微信支付', '食品'})",frozenset({'电子产品'}),0.0644635779903271,0.9089974829953243,0.05839001717604169,0.9057830638070266,0.9964637754796574,1.0,-0.00020721296203844025,0.965882787976526,-0.0037789689339274403,0.06380927204619355,-0.0353223107898503,0.48500934205609764
"frozenset({'服装', '支付宝'})",frozenset({'电子产品'}),0.0649136304243461,0.9089974829953243,0.05881875820071779,0.9061079747999673,0.9968212143054175,1.0,-0.0001875684671015232,0.9692252010838931,-0.003398706779042332,0.0642763081401159,-0.031751959071731915,0.48540762935226855
"frozenset({'母婴', '支付宝'})",frozenset({'电子产品'}),0.01753652258680177,0.9089974829953243,0.01586128677208138,0.9044716073880466,0.9950210251491961,1.0,-7.936811981208367e-05,0.9526227178796739,-0.005067396917084096,0.01741710984030241,-0.04973352118431251,0.460960408034959
"frozenset({'支付宝', '汽车用品'})",frozenset({'电子产品'}),0.01703516372999157,0.9089974829953243,0.015400546825317279,0.9040445439455075,0.9945512070798085,1.0,-8.437412765829877e-05,0.9483829346086988,-0.0055426992297504295,0.016911930544737545,-0.05442639624530807,0.46049344329798636
"frozenset({'玩具', '支付宝'})",frozenset({'电子产品'}),0.026216341531429606,0.9089974829953243,0.023711137651060914,0.9044411335057825,0.994987500433414,1.0,-0.00011945081435438612,0.9523189249025094,-0.005146752249714288,0.026013239447855344,-0.05006838974912929,0.46526303281832415
"frozenset({'运动户外', '支付宝'})",frozenset({'电子产品'}),0.01733104243104781,0.9089974829953243,0.015661881958393832,0.9036895513184049,0.9941606750555252,1.0,-9.199198911379394e-05,0.9448872708041511,-0.005941699480865121,0.01719826027529749,-0.058327306228757765,0.46045969608053566
"frozenset({'食品', '支付宝'})",frozenset({'电子产品'}),0.06463174727569415,0.9089974829953243,0.058555132886338714,0.905980966854649,0.9966814912064054,1.0,-0.0001949627088571812,0.9679158991561647,-0.0035469966192167805,0.06398949883259918,-0.03314761217560985,0.4851991165543317
"frozenset({'服装', '母婴'})",frozenset({'电子产品'}),0.05152459436833603,0.9089974829953243,0.04610497574014127,0.89481491907629,0.9843975762481761,1.0,-0.0007307508530312451,0.8651656319081896,-0.01643607262757258,0.05042007160439511,-0.1558480400965799,0.4727678024448252
"frozenset({'服装', '汽车用品'})",frozenset({'电子产品'}),0.05003409984535233,0.9089974829953243,0.04478125094728419,0.8950146217418944,0.984617271758164,1.0,-0.00069961987607782,0.8668113456804126,-0.016179817891516547,0.04898138877843576,-0.15365356600753718,0.4721395303132504
"frozenset({'玩具', '服装'})",frozenset({'电子产品'}),0.07741083171146616,0.9089974829953243,0.06932032094728006,0.8954860633155073,0.9851359107889999,1.0,-0.0010459302350173116,0.8707213591943683,-0.01609120777664307,0.07558742609104319,-0.14847303266483114,0.48587312675925826
"frozenset({'服装', '现金'})",frozenset({'电子产品'}),0.06492988434997927,0.9089974829953243,0.05882620128995098,0.9059957811240081,0.9966977885775602,1.0,-0.0001949001553576829,0.9680684345106257,-0.0035307025018477705,0.06428382289526303,-0.03298482250949151,0.4853556266341146
"frozenset({'服装', '运动户外'})",frozenset({'电子产品'}),0.050900011034220746,0.9089974829953243,0.045546489583062635,0.8948227840744697,0.9844062286353684,1.0,-0.0007214923314782587,0.8652303277271485,-0.016416332865444774,0.04981291578569978,-0.15576161393564936,0.47246453598708277
"frozenset({'服装', '银联'})",frozenset({'电子产品'}),0.06489495908511583,0.9089974829953243,0.05880307682041025,0.906127034355388,0.9968421819712001,1.0,-0.00018627764704459704,0.9694219883197959,-0.003376226212603214,0.0642593817093491,-0.03154251920074771,0.4854085334843633
"frozenset({'服装', '食品'})",frozenset({'电子产品'}),0.1966987418221045,0.9089974829953243,0.17656165475014296,0.8976247286310878,0.9874886844276387,1.0,-0.0022370064744971774,0.8889111187480566,-0.015527304817248158,0.19002807605937722,-0.12497186603808162,0.5459312552107848
"frozenset({'母婴', '汽车用品'})",frozenset({'电子产品'}),0.012900114155995509,0.9089974829953243,0.011516303912020904,0.892728837338896,0.9821026504904942,1.0,-0.0002098673861313672,0.848340921708614,-0.01812700481702066,0.012649978638119685,-0.17877138118709957,0.45269903682156454
"frozenset({'玩具', '母婴'})",frozenset({'电子产品'}),0.019962015434613272,0.9089974829953243,0.01782524447128763,0.8929581549355696,0.9823549257728393,1.0,-0.00032017731428964774,0.8501583371428214,-0.017998011345504925,0.019563795778549,-0.17625147729628873,0.4562839695630577
"frozenset({'母婴', '现金'})",frozenset({'电子产品'}),0.017563464025180036,0.9089974829953243,0.01587105185069074,0.9036401832768893,0.9941063646284458,1.0,-9.409274087683953e-05,0.944403176545788,-0.0059983665600054255,0.017427504065729543,-0.05886979717450849,0.4605500673246218
"frozenset({'运动户外', '母婴'})",frozenset({'电子产品'}),0.013112146774920569,0.9089974829953243,0.01171720370516982,0.8936144405873463,0.9830769141876081,1.0,-0.00020170470989823615,0.8554029090704921,-0.017144077233200453,0.012870497787217171,-0.16903974652907328,0.4532523446886051
"frozenset({'银联', '母婴'})",frozenset({'电子产品'}),0.017569889256056553,0.9089974829953243,0.015891695290487073,0.9044846588892991,0.9950353832761399,1.0,-7.928981977492477e-05,0.9527528870907243,-0.005052955840340631,0.017450444425528993,-0.04959010206051119,0.4609836601896593
"frozenset({'食品', '母婴'})",frozenset({'电子产品'}),0.05114805039251322,0.9089974829953243,0.0457708001184151,0.894868910294082,0.984456972691843,1.0,-0.0007226489484974258,0.8656099471548897,-0.0163671640155462,0.050056938860020564,-0.1552547464210955,0.4726109825712927
"frozenset({'玩具', '汽车用品'})",frozenset({'电子产品'}),0.01936469161961272,0.9089974829953243,0.017290232672559833,0.892874155302744,0.9822625166799683,1.0,-0.0003122232686487772,0.8494917100710311,-0.018081413700229695,0.01897790051101518,-0.1771745246535531,0.45594768301387817
"frozenset({'汽车用品', '现金'})",frozenset({'电子产品'}),0.017048586737070232,0.9089974829953243,0.015410025631263825,0.903888742739975,0.9943798081392755,1.0,-8.709680136048496e-05,0.946845557939921,-0.005717112760757933,0.016922266289684074,-0.056138450050638375,0.46042075657431436
"frozenset({'运动户外', '汽车用品'})",frozenset({'电子产品'}),0.012715372864258823,0.9089974829953243,0.011348548131611248,0.8925061225306626,0.9818576390219261,1.0,-0.0002096937973470707,0.8465832580151751,-0.018371726210721306,0.0124659414206761,-0.1812187289700393,0.4524954042552236
"frozenset({'银联', '汽车用品'})",frozenset({'电子产品'}),0.017077436659867266,0.9089974829953243,0.015440084260859412,0.9041218871649687,0.9946362933654231,1.0,-8.326267897201291e-05,0.9491479787598169,-0.005456387958133388,0.016955297184708944,-0.05357649426449577,0.4605538627322609
"frozenset({'食品', '汽车用品'})",frozenset({'电子产品'}),0.04974127471936611,0.9089974829953243,0.04449885886945391,0.894606322827687,0.9841680967914063,1.0,-0.0007158346514288469,0.8634532872013894,-0.01664682830720385,0.04867306592685332,-0.1581402431638006,0.471780049250112
"frozenset({'玩具', '现金'})",frozenset({'电子产品'}),0.026191912930869383,0.9089974829953243,0.02370000482528477,0.9048596369359609,0.9954479015214339,1.0,-0.00010837810370818712,0.9565079854007051,-0.004673961195412601,0.026001405015432588,-0.045469578156292136,0.4654661608499135
"frozenset({'玩具', '运动户外'})",frozenset({'电子产品'}),0.01970052126116849,0.9089974829953243,0.01758754273693015,0.8927450448530408,0.9821204805884296,1.0,-0.0003201815031678816,0.8484691162285729,-0.018232282823290456,0.019303414327607876,-0.17859328156218424,0.4560466651309511
"frozenset({'玩具', '银联'})",frozenset({'电子产品'}),0.026174036793480262,0.9089974829953243,0.02365843167302929,0.9038892953234638,0.9943804160435868,1.0,-0.00013370189207127792,0.9468510017791225,-0.005769753027646462,0.02595512009809378,-0.05613237787255975,0.46495812245985246
"frozenset({'玩具', '食品'})",frozenset({'电子产品'}),0.07692706271938227,0.9089974829953243,0.06887548503733902,0.8953349133917393,0.9849696287842689,1.0,-0.0010510213488029163,0.8694639249215821,-0.01626260190400152,0.07510556194939554,-0.15013397489745314,0.4855528669009567
"frozenset({'运动户外', '现金'})",frozenset({'电子产品'}),0.017341348246909152,0.9089974829953243,0.015665635311084072,0.9033689357963415,0.9938079617333639,1.0,-9.760659710172578e-05,0.9417521969216834,-0.006300623014363059,0.017202258045012735,-0.06185045627577178,0.4603014528756554
"frozenset({'食品', '现金'})",frozenset({'电子产品'}),0.06451348485787788,0.9089974829953243,0.05845999493806316,0.9061670605277261,0.9968862152860188,1.0,-0.0001826004170047968,0.9698355131628954,-0.003327804485212405,0.0638871458185802,-0.031102683318669215,0.48523983214130395
"frozenset({'运动户外', '银联'})",frozenset({'电子产品'}),0.01734522883189398,0.9089974829953243,0.015689936679349713,0.9045678688596741,0.9951269236510383,1.0,-7.683267081984649e-05,0.9535836192410204,-0.004958666423359054,0.017229329451944005,-0.048675732072582654,0.46091428653359
"frozenset({'运动户外', '食品'})",frozenset({'电子产品'}),0.050518727655424665,0.9089974829953243,0.04520983293159206,0.8949123430019216,0.9845047535808465,1.0,-0.0007115633513152461,0.8659677035747374,-0.016306253038421616,0.04944713723245945,-0.15477747711834264,0.47232413526177164
"frozenset({'银联', '食品'})",frozenset({'电子产品'}),0.06456800389610733,0.9089974829953243,0.05850554409952441,0.9061073684988361,0.9968205473056265,1.0,-0.0001866089240694438,0.9692189424209245,-0.00339816800643686,0.06393629680807598,-0.031758621537245464,0.48523504074049284
"frozenset({'服装', '家居', '云闪付'})",frozenset({'电子产品'}),0.020814630848697613,0.9089974829953243,0.014714796565580503,0.706944873178052,0.7777192856998135,1.0,-0.004205650485362459,0.31053037014420226,-0.2259381880956787,0.016080034645214847,-2.2202969375769137,0.3615664065069032
"frozenset({'家居', '食品', '云闪付'})",frozenset({'电子产品'}),0.020727222262318067,0.9089974829953243,0.014657891921827588,0.7071807180104168,0.7779787416793699,1.0,-0.0041831009441041875,0.310780479981892,-0.22566010383445295,0.016018384349874105,-2.217705307805259,0.36165302815228184
"frozenset({'服装', '食品', '云闪付'})",frozenset({'电子产品'}),0.028076859375138662,0.9089974829953243,0.02520983865704532,0.8978867016503984,0.987776884366815,1.0,-0.00031195584536939866,0.8911916319959976,-0.012571777186639573,0.027646474398753774,-0.12209312127438267,0.46281018716338906
"frozenset({'服装', '家居', '信用卡'})",frozenset({'电子产品'}),0.02083632395492427,0.9089974829953243,0.014745650397017243,0.7076896303261972,0.778538602762927,1.0,-0.0041945156328841,0.31132154875732904,-0.22511315641838173,0.016113912404415953,-2.2121130194540006,0.36195575643238986
"frozenset({'家居', '信用卡', '食品'})",frozenset({'电子产品'}),0.020720574374926026,0.9089974829953243,0.014662313244064399,0.7076209847641709,0.7784630848838233,1.0,-0.004172636708960774,0.3112484558143621,-0.22516893558727205,0.016023409872221367,-2.2128673454252574,0.36187559350632026
"frozenset({'服装', '信用卡', '食品'})",frozenset({'电子产品'}),0.028098488865218027,0.9089974829953243,0.025221035098968753,0.8975940030066472,0.9874548827670012,1.0,-0.00032042055548658216,0.8886444122074473,-0.01290312727366832,0.027658436570851003,-0.12530950092392815,0.46266999651749047
"frozenset({'服装', '家居', '储蓄卡'})",frozenset({'电子产品'}),0.020900226374879333,0.9089974829953243,0.014794762062726858,0.7078756850456495,0.7787432839891489,1.0,-0.004203491106070947,0.3115198302438343,-0.22491745243172315,0.016167319869592533,-2.210068518647032,0.3620757979844698
"frozenset({'家居', '食品', '储蓄卡'})",frozenset({'电子产品'}),0.020746847843757726,0.9089974829953243,0.01468305210808167,0.7077244802997619,0.7785769416738882,1.0,-0.004175780361981074,0.31135866971687914,-0.2250584310664439,0.016045976864460933,-2.2117300633038663,0.36193874882166416
"frozenset({'服装', '食品', '储蓄卡'})",frozenset({'电子产品'}),0.02813261892824032,0.9089974829953243,0.025246545174032943,0.897411834939041,0.9872544772972237,1.0,-0.0003259346218041255,0.8870664267228189,-0.013109630282085286,0.027686150262458832,-0.1273112924523627,0.4625929444670214
"frozenset({'服装', '食品', '办公'})",frozenset({'电子产品'}),0.018366013531345378,0.9089974829953243,0.016137285427108794,0.878649326897598,0.9666135972151174,1.0,-0.0005573746455422232,0.7499135742566752,-0.03398981854088941,0.017709417519537998,-0.33348699680655064,0.44820108265181663
"frozenset({'服装', '家居', '微信支付'})",frozenset({'电子产品'}),0.02082490485648531,0.9089974829953243,0.014738111883563111,0.7077156887453128,0.7785672699700458,1.0,-0.004191674214599142,0.31134930442906655,-0.22508211907220374,0.016105742684703855,-2.2118266711202046,0.36196463903340625
"frozenset({'家居', '食品', '微信支付'})",frozenset({'电子产品'}),0.02072210116246104,0.9089974829953243,0.014648540348175627,0.7069042001740671,0.7776745407970543,1.0,-0.0041877974508759425,0.3104872777389552,-0.22596692765475762,0.01600809078953154,-2.220743881302468,0.36150962533996706
"frozenset({'服装', '家居', '支付宝'})",frozenset({'电子产品'}),0.020833174955633305,0.9089974829953243,0.014738302732004988,0.707443909216523,0.778268281761746,1.0,-0.004199000865466913,0.31106006633109995,-0.22538608294683962,0.01610580904533792,-2.214813176743734,0.3618288542464428
"frozenset({'家居', '食品', '支付宝'})",frozenset({'电子产品'}),0.02074458947052885,0.9089974829953243,0.014667975081173408,0.7070747339691495,0.7778621472517175,1.0,-0.004188804533308624,0.31066803569990237,-0.22578115475259242,0.016029275796457465,-2.218869935386514,0.36160558243927526
"frozenset({'玩具', '家居', '服装'})",frozenset({'电子产品'}),0.021896296201107692,0.9089974829953243,0.013805785436921585,0.6305077950225745,0.6936298579671839,1.0,-0.00609789269680539,0.24629076277870474,-0.3110950299609778,0.015053937605622934,-3.0602415970367196,0.3228478599232781
"frozenset({'服装', '家居', '现金'})",frozenset({'电子产品'}),0.020884576802645438,0.9089974829953243,0.014780893742617148,0.7077420759967165,0.7785962989298584,1.0,-0.0042031340044100945,0.31137741539440084,-0.2250633788473956,0.016152196381009835,-2.2115367093447262,0.36200136509998626
"frozenset({'服装', '家居', '银联'})",frozenset({'电子产品'}),0.02083673745988167,0.9089974829953243,0.01474485519517609,0.7076374227762539,0.77848116855555,1.0,-0.0041956867096907356,0.3112659556802001,-0.2251713374490317,0.016113022131981854,-2.2126867129260255,0.3619292152514539
"frozenset({'服装', '家居', '食品'})",frozenset({'电子产品'}),0.05720949233073946,0.9089974829953243,0.037072405258777925,0.6480114356627215,0.7128858415838482,1.0,-0.014930879273304554,0.2585382771625394,-0.2993216435638067,0.03989993102516164,-2.8678992177677194,0.3443976363747527
"frozenset({'玩具', '家居', '食品'})",frozenset({'电子产品'}),0.02179479663810291,0.9089974829953243,0.013743218956059658,0.6305733971398007,0.693702027712924,1.0,-0.0060681963303708415,0.24633449865307447,-0.31100001087882256,0.014986350834827081,-3.059520714588789,0.3228462458806217
"frozenset({'家居', '食品', '现金'})",frozenset({'电子产品'}),0.020736573835970027,0.9089974829953243,0.014683083916155318,0.7080766587721343,0.778964377809808,1.0,-0.004166409506688135,0.31173429511291495,-0.22466464190900673,0.016046192344212735,-2.207860077242334,0.36211485555408895
"frozenset({'家居', '银联', '食品'})",frozenset({'电子产品'}),0.020746434338800326,0.9089974829953243,0.014683974542217409,0.7077830485190988,0.7786413733367175,1.0,-0.0041744820528798535,0.3114210744568096,-0.22499317361790264,0.01604700834943736,-2.211086474299247,0.3619685403222512
"frozenset({'服装', '微信支付', '食品'})",frozenset({'电子产品'}),0.028053035127977716,0.9089974829953243,0.025172655018953,0.8973237620854768,0.9871575872010334,1.0,-0.00032748330275815876,0.8863055255339043,-0.013208183952668448,0.027605292372441786,-0.12827909923906544,0.4625082642780386
"frozenset({'服装', '食品', '支付宝'})",frozenset({'电子产品'}),0.02816130981066912,0.9089974829953243,0.025283697004051617,0.897816798083472,0.9876999825400948,1.0,-0.0003148627316981491,0.8905819674648123,-0.012651929945067999,0.027727149387511297,-0.12286127109295071,0.46281586164588806
"frozenset({'服装', '食品', '母婴'})",frozenset({'电子产品'}),0.018074397112157716,0.9089974829953243,0.015885047403095032,0.8788701113803669,0.9668564851074374,1.0,-0.0005445340785142916,0.7512804481347939,-0.033733011000994406,0.017433359255146916,-0.3310608608046474,0.4481727297213318
"frozenset({'服装', '食品', '汽车用品'})",frozenset({'电子产品'}),0.017578159355204542,0.9089974829953243,0.015456688075302687,0.8793120919526919,0.9673427137060784,1.0,-0.0005218145342689544,0.7540317706808194,-0.03322220005107823,0.01696451160715685,-0.3262040657744361,0.44815809816265667
"frozenset({'玩具', '服装', '食品'})",frozenset({'电子产品'}),0.02741013034344227,0.9089974829953243,0.02411917161979339,0.8799364073642129,0.9680295312421003,1.0,-0.0007965678709693988,0.7579526399874752,-0.03284188939599663,0.026438098431179294,-0.31934364661164644,0.4532351114959301
"frozenset({'服装', '食品', '现金'})",frozenset({'电子产品'}),0.02809257256351985,0.9089974829953243,0.02521006131356084,0.8973924070698264,0.9872331044446273,1.0,-0.0003260164375422092,0.8868984682898131,-0.013131071613821594,0.027646248928211135,-0.12752477961572992,0.462563162346773
"frozenset({'服装', '运动户外', '食品'})",frozenset({'电子产品'}),0.017849832112216083,0.9089974829953243,0.01569563032453237,0.8793152913629131,0.967346233419038,1.0,-0.0005298221373611668,0.7540517604291601,-0.033227504839117426,0.017226144215790263,-0.3261689083927888,0.44829112961191375
"frozenset({'服装', '银联', '食品'})",frozenset({'电子产品'}),0.02808385715134081,0.9089974829953243,0.025217822483530494,0.8979472565906609,0.9878435016472754,1.0,-0.0003103329798385436,0.8917204375355162,-0.012503372614690332,0.02765525980045469,-0.12142770077552593,0.46284485618940163
